Stiffness_N_m,RMS_l1_mm,RMS_l2_mm,RMS_l3_mm,ReducedRMS_mm,AllLengthsRMS_mm,NearBoundFraction
1350,7.63071885454295,2.73270880571904,10.2923157283274,7.52992232590848,7.56367042084523,0
1250,7.34695266278231,2.48828743034225,9.74027184587994,7.10860288550573,7.18893092183635,0
1150,7.01754086159824,2.22149724305405,9.10429679850154,6.62658547806116,6.75941688659367,0
1050,6.63083155780994,1.94268513109953,8.36660118329181,6.07346856741908,6.26476836568077,0
950,6.17118547895348,1.68747007499517,7.50764616772413,5.44115365679683,5.6949052216109,0
850,5.6177172300395,1.55419677317467,6.51404041241294,4.73541181441992,5.04668197865284,0
750,4.94406362962157,1.72692436068234,5.41389148117039,4.01823896236942,4.34880266629618,0
650,4.12679233054314,2.36343622030766,4.43305396922907,3.55230898582596,3.75358553923176,0
550,3.24098411153352,3.48603549080241,4.43542326864941,3.98907401631072,3.75630141790314,0
450,2.87407314957648,4.40820482659356,5.44802662607769,4.95546485769268,4.37315905575404,0
350,3.06023612395089,5.20166928048964,6.86113722219322,6.0882085741766,5.27565517004567,0
250,3.65670143418836,5.97446704010017,8.50091303298418,7.34710074817283,6.35953992535096,0.214642262895175
200,4.07070366897868,6.36738200943629,9.39572941905658,8.02568641831396,6.96165481598675,0.276206322795341
